epoch,steps,cosine-Accuracy@1,cosine-Accuracy@5,cosine-Accuracy@10,cosine-Precision@1,cosine-Recall@1,cosine-Precision@3,cosine-Recall@3,cosine-Precision@5,cosine-Recall@5,cosine-Precision@10,cosine-Recall@10,cosine-MRR@10,cosine-NDCG@10,cosine-MAP@100
0.4909090909090909,27,0.9090909090909091,1.0,1.0,0.9090909090909091,0.9090909090909091,0.3333333333333332,1.0,0.1999999999999999,1.0,0.09999999999999995,1.0,0.9545454545454546,0.966448159415587,0.9545454545454546
0.9818181818181818,54,0.8909090909090909,1.0,1.0,0.8909090909090909,0.8909090909090909,0.3333333333333332,1.0,0.1999999999999999,1.0,0.09999999999999995,1.0,0.9454545454545454,0.9597377912987045,0.9454545454545454
1.4727272727272727,81,0.9272727272727272,1.0,1.0,0.9272727272727272,0.9272727272727272,0.3333333333333332,1.0,0.1999999999999999,1.0,0.09999999999999995,1.0,0.9636363636363636,0.9731585275324697,0.9636363636363636
1.9636363636363636,108,0.9090909090909091,1.0,1.0,0.9090909090909091,0.9090909090909091,0.3333333333333332,1.0,0.1999999999999999,1.0,0.09999999999999995,1.0,0.9545454545454546,0.966448159415587,0.9545454545454546
2.4545454545454546,135,0.9272727272727272,1.0,1.0,0.9272727272727272,0.9272727272727272,0.3333333333333332,1.0,0.1999999999999999,1.0,0.09999999999999995,1.0,0.9636363636363636,0.9731585275324697,0.9636363636363636
2.9454545454545453,162,0.9272727272727272,1.0,1.0,0.9272727272727272,0.9272727272727272,0.3333333333333332,1.0,0.1999999999999999,1.0,0.09999999999999995,1.0,0.9636363636363636,0.9731585275324697,0.9636363636363636
3.4363636363636365,189,0.9272727272727272,1.0,1.0,0.9272727272727272,0.9272727272727272,0.3333333333333332,1.0,0.1999999999999999,1.0,0.09999999999999995,1.0,0.9606060606060607,0.9707779865584432,0.9606060606060606
3.9272727272727272,216,0.9272727272727272,1.0,1.0,0.9272727272727272,0.9272727272727272,0.3333333333333332,1.0,0.1999999999999999,1.0,0.09999999999999995,1.0,0.9606060606060607,0.9707779865584432,0.9606060606060606
